pos	val	cur_ch	rev_sent	rev_ch	rev_idx
60	0.111111111111111	ch8	5	glossary	1860
60	0.111111111111111	ch8	14	glossary	1869
20	0.25	ap1	458	glossary	2439
63	0.1	ap10	668	glossary	4347
63	0.1	ap10	721	glossary	4403
21	0.24468085106383	ap11	161	glossary	4645
19	0.233333333333333	ap16	48	glossary	5057
8	0.0608974358974359	ch1	7	ch1	107
16	0.135658914728682	ch1	9	ch1	109
18	0.235173824130879	ch1	15	ch1	115
19	0.0752212389380531	ch1	16	ch1	116
21	0	ch1	19	ch1	119
23	0.23	ch1	21	ch1	121
24	0.124108416547789	ch1	22	ch1	122
27	0.15035799522673	ch1	23	ch1	123
28	0.214285714285714	ch1	24	ch1	124
29	0	ch1	25	ch1	125
175	0.14572864321608	ch1	80	ch1	180
174	0.206896551724138	ch1	81	ch1	181
176	0.0271398747390397	ch1	82	ch1	182
177	0.00202020202020202	ch1	83	ch1	183
175	0.127777777777778	ch1	89	ch1	189
254	0.1	ch1	212	ch1	313
129	0.179435483870968	ch3	238	ch1	679
133	0.0796019900497512	ch3	240	ch1	681
254	0.2	ch3	675	ch1	1190
254	0.222222222222222	ch4	55	ch1	1245
175	0.243119266055046	ch6	199	ch1	1571
127	0.0142348754448399	ch6	277	ch1	1674
129	0.155405405405405	ch6	278	ch1	1675
16	0.0979591836734694	ch6	279	ch1	1676
133	0.145427286356822	ch8	33	ch1	2043
139	0.0979325353645267	ch8	44	ch1	2054
120	0.25	ap1	198	ch1	2375
173	0.25	ap1	198	ch1	2376
179	0.25	ap1	198	ch1	2377
189	0.25	ap1	198	ch1	2378
199	0.25	ap1	198	ch1	2379
221	0.25	ap1	198	ch1	2380
56	0.2	ap3	18	ch1	3279
120	0.2	ap3	18	ch1	3280
238	0.2	ap3	18	ch1	3281
173	0.2	ap3	21	ch1	3284
249	0.2	ap3	21	ch1	3285
56	0.2	ap3	29	ch1	3293
173	0.1	ap3	37	ch1	3301
175	0.216374269005848	ap3	63	ch1	3335
56	0.25	ap8	142	ch1	4176
120	0.25	ap8	142	ch1	4177
238	0.25	ap8	142	ch1	4178
179	0.25	ap8	155	ch1	4192
199	0.25	ap8	171	ch1	4216
221	0.25	ap8	173	ch1	4218
173	0.2	ap8	209	ch1	4272
249	0.2	ap8	209	ch1	4273
120	0.166666666666667	ap8	212	ch1	4276
173	0.166666666666667	ap8	216	ch1	4280
221	0.166666666666667	ap8	235	ch1	4299
238	0.25	ap16	284	ch1	6354
249	0.25	ap16	284	ch1	6355
31	0.25	pref	15	ch2	77
252	0.228260869565217	ch1	57	ch2	159
98	0.149863760217984	ch1	172	ch2	276
99	0.0261780104712042	ch1	173	ch2	277
100	0.241830065359477	ch1	174	ch2	278
109	0.132867132867133	ch1	180	ch2	284
110	0	ch1	181	ch2	285
117	0.127413127413127	ch1	193	ch2	297
118	0.1	ch1	194	ch2	298
140	0.207885304659498	ch1	204	ch2	308
288	0.2	ch1	212	ch2	316
288	0.222222222222222	ch2	102	ch2	418
44	0.25	ch3	180	ch2	598
44	0.25	ch3	192	ch2	610
44	0.25	ch3	229	ch2	647
44	0.25	ch3	262	ch2	680
44	0.25	ch3	281	ch2	699
44	0.25	ch3	338	ch2	756
44	0.25	ch3	345	ch2	763
44	0.25	ch3	378	ch2	796
44	0.25	ch3	393	ch2	811
44	0.25	ch3	403	ch2	821
44	0.25	ch3	483	ch2	901
44	0.25	ch5	56	ch2	1206
44	0.25	ch6	76	ch2	1320
44	0.25	ch6	90	ch2	1334
44	0.25	ch6	127	ch2	1373
44	0.25	ch6	221	ch2	1467
44	0.25	ch6	238	ch2	1484
44	0.25	ch6	249	ch2	1495
44	0	ch6	319	ch2	1565
44	0	ch6	379	ch2	1625
44	0.25	ch7	14	ch2	1763
44	0.25	ch7	25	ch2	1774
187	0.2	ap3	18	ch2	2625
173	0.166666666666667	ap3	55	ch2	2662
44	0.25	ap4	45	ch2	2735
44	0.25	ap4	47	ch2	2737
44	0.25	ap4	49	ch2	2739
44	0.25	ap4	55	ch2	2745
44	0.25	ap4	58	ch2	2748
44	0.25	ap4	66	ch2	2756
44	0.25	ap4	69	ch2	2759
44	0.25	ap4	76	ch2	2766
44	0.25	ap4	116	ch2	2806
44	0.25	ap5	81	ch2	2891
173	0.142857142857143	ap8	10	ch2	3209
173	0.25	ap8	12	ch2	3211
173	0.25	ap8	14	ch2	3213
173	0.25	ap8	16	ch2	3215
173	0.25	ap8	18	ch2	3217
173	0.25	ap8	20	ch2	3219
173	0.25	ap8	22	ch2	3221
173	0.25	ap8	24	ch2	3223
173	0.25	ap8	26	ch2	3225
173	0.25	ap8	28	ch2	3227
173	0.214285714285714	ap8	32	ch2	3231
173	0.214285714285714	ap8	142	ch2	3342
173	0.214285714285714	ap8	155	ch2	3355
173	0.214285714285714	ap8	164	ch2	3364
173	0.214285714285714	ap8	171	ch2	3371
173	0.214285714285714	ap8	173	ch2	3373
173	0.214285714285714	ap8	178	ch2	3378
173	0.2	ap8	186	ch2	3386
173	0.25	ap8	209	ch2	3409
44	0.25	ap9	19	ch2	3511
44	0.25	ap9	21	ch2	3513
44	0.25	ap9	34	ch2	3526
44	0.25	ap9	37	ch2	3529
173	0.230769230769231	ap10	409	ch2	3957
44	0.25	ap17	21	ch2	5357
44	0.25	ap17	23	ch2	5359
44	0.25	ap17	28	ch2	5364
44	0.25	ap17	39	ch2	5375
44	0.25	ap17	43	ch2	5379
44	0.25	ap17	55	ch2	5391
44	0.25	ap17	59	ch2	5395
44	0.25	ap17	85	ch2	5421
44	0.25	ap17	90	ch2	5426
44	0.25	ap17	97	ch2	5433
44	0	ap17	119	ch2	5455
441	0.248618784530387	ch1	82	ch3	183
547	0.222222222222222	ch2	102	ch3	417
14	0.191860465116279	ch3	240	ch3	697
547	0.2	ch3	675	ch3	1208
17	0	ap3	18	ch3	2947
30	0	ap3	21	ch3	2950
7	0.1	ap3	29	ch3	2958
307	0.238095238095238	ap3	34	ch3	2963
30	0.1	ap3	37	ch3	2966
172	0.1	ap3	37	ch3	2967
421	0.1	ap3	37	ch3	2968
493	0.1	ap3	37	ch3	2969
7	0.1	ap3	55	ch3	2987
355	0.222222222222222	ap5	72	ch3	3265
95	0.25	ap7	87	ch3	3462
95	0.25	ap7	138	ch3	3513
7	0.25	ap8	10	ch3	3591
17	0.25	ap8	32	ch3	3617
7	0.25	ap8	142	ch3	3733
17	0.25	ap8	142	ch3	3734
7	0.25	ap8	155	ch3	3747
7	0.25	ap8	164	ch3	3756
7	0.25	ap8	171	ch3	3763
7	0.25	ap8	173	ch3	3765
7	0.25	ap8	178	ch3	3770
30	0.1	ap8	209	ch3	3801
17	0.25	ap8	212	ch3	3804
30	0.25	ap8	212	ch3	3805
30	0.25	ap8	216	ch3	3809
30	0.25	ap8	235	ch3	3828
95	0.24	ap10	567	ch3	4560
95	0.24	ap10	753	ch3	4762
95	0.208333333333333	ap11	241	ch3	5054
384	0.246478873239437	addn	57	ch3	6193
47	0.167341430499325	ch1	90	ch4	191
360	0.2	ch1	212	ch4	313
53	0.0738255033557047	ch3	121	ch4	538
54	0.123931623931624	ch3	122	ch4	539
55	0.210526315789474	ch3	123	ch4	540
47	0.135031847133758	ch3	247	ch4	699
48	0.1725	ch3	256	ch4	708
49	0.0462724935732648	ch3	257	ch4	709
50	0.0209205020920502	ch3	258	ch4	710
51	0	ch3	259	ch4	711
360	0.222222222222222	ch4	55	ch4	1297
47	0.151898734177215	ch8	53	ch4	2151
52	0.1	ap3	18	ch4	3161
58	0.1	ap3	21	ch4	3164
46	0.2	ap3	29	ch4	3173
180	0.1	ap3	37	ch4	3181
46	0.1	ap3	55	ch4	3199
46	0.25	ap8	10	ch4	3904
52	0.25	ap8	32	ch4	3930
46	0.25	ap8	142	ch4	4040
52	0.25	ap8	142	ch4	4041
46	0.25	ap8	155	ch4	4055
70	0.25	ap8	155	ch4	4056
46	0.25	ap8	164	ch4	4065
76	0.25	ap8	164	ch4	4066
46	0.25	ap8	171	ch4	4073
46	0.25	ap8	173	ch4	4075
46	0.25	ap8	178	ch4	4080
58	0.1	ap8	209	ch4	4111
52	0.25	ap8	212	ch4	4114
58	0.25	ap8	212	ch4	4115
175	0.25	ap8	212	ch4	4116
58	0.25	ap8	216	ch4	4120
180	0.25	ap8	216	ch4	4121
58	0.25	ap8	235	ch4	4140
207	0.25	ap8	235	ch4	4141
109	0.125	ch2	102	ch5	421
109	0.25	ch4	55	ch5	1180
109	0.125	ch5	94	ch5	1278
109	0.25	ch8	64	ch5	1951
11	0.1	ap3	18	ch5	2813
16	0.1	ap3	21	ch5	2816
4	0.2	ap3	29	ch5	2824
16	0.2	ap3	37	ch5	2832
4	0	ap3	55	ch5	2850
4	0.166666666666667	ap8	10	ch5	3433
11	0.166666666666667	ap8	32	ch5	3457
4	0.166666666666667	ap8	142	ch5	3570
11	0.166666666666667	ap8	142	ch5	3571
4	0.166666666666667	ap8	155	ch5	3585
4	0.166666666666667	ap8	164	ch5	3594
4	0.166666666666667	ap8	171	ch5	3601
4	0.166666666666667	ap8	173	ch5	3603
4	0.166666666666667	ap8	178	ch5	3608
4	0.230769230769231	ap8	186	ch5	3617
11	0.230769230769231	ap8	189	ch5	3620
16	0	ap8	209	ch5	3640
11	0.166666666666667	ap8	212	ch5	3643
16	0.166666666666667	ap8	212	ch5	3644
16	0.166666666666667	ap8	216	ch5	3648
16	0.166666666666667	ap8	235	ch5	3667
116	0.25	ch2	102	ch6	419
30	0.186588921282799	ch3	170	ch6	589
116	0.25	ch4	55	ch6	1221
116	0.25	ch5	94	ch6	1322
116	0.222222222222222	ch6	503	ch6	1874
116	0.25	ch8	64	ch6	2024
20	0.1	ap3	18	ch6	3062
29	0.1	ap3	21	ch6	3065
2	0.2	ap3	29	ch6	3073
80	0.1	ap3	37	ch6	3082
2	0.1	ap3	55	ch6	3100
2	0.166666666666667	ap8	10	ch6	3728
20	0.25	ap8	32	ch6	3752
2	0.25	ap8	142	ch6	3863
20	0.25	ap8	142	ch6	3864
2	0.25	ap8	155	ch6	3878
2	0.25	ap8	164	ch6	3887
2	0.25	ap8	171	ch6	3894
2	0.25	ap8	173	ch6	3896
2	0.25	ap8	178	ch6	3901
29	0.1	ap8	209	ch6	3932
20	0.25	ap8	212	ch6	3935
29	0.25	ap8	212	ch6	3936
63	0.25	ap8	212	ch6	3937
29	0.25	ap8	216	ch6	3941
80	0.25	ap8	216	ch6	3942
29	0.25	ap8	235	ch6	3961
65	0.248251748251748	ch1	192	ch7	294
3	0.248847926267281	ch3	184	ch7	616
4	0.164874551971326	ch3	185	ch7	617
5	0.25	ch3	186	ch7	618
316	0.25	ap1	509	ch7	2739
248	0.2	ap3	18	ch7	3027
108	0.2	ap3	21	ch7	3030
255	0.2	ap3	21	ch7	3031
108	0.2	ap3	37	ch7	3047
255	0.2	ap3	37	ch7	3048
200	0.166666666666667	ap3	55	ch7	3066
200	0.142857142857143	ap8	10	ch7	3690
200	0.25	ap8	12	ch7	3692
200	0.25	ap8	14	ch7	3694
200	0.25	ap8	16	ch7	3696
200	0.25	ap8	18	ch7	3698
200	0.1875	ap8	20	ch7	3700
200	0.1875	ap8	22	ch7	3702
200	0.1875	ap8	24	ch7	3704
200	0.25	ap8	26	ch7	3706
200	0.25	ap8	28	ch7	3708
200	0.214285714285714	ap8	32	ch7	3712
200	0.214285714285714	ap8	142	ch7	3825
200	0.235294117647059	ap8	148	ch7	3831
200	0.214285714285714	ap8	155	ch7	3838
200	0.214285714285714	ap8	164	ch7	3847
200	0.214285714285714	ap8	171	ch7	3854
200	0.214285714285714	ap8	173	ch7	3856
200	0.214285714285714	ap8	178	ch7	3861
200	0.2	ap8	186	ch7	3869
108	0.2	ap8	209	ch7	3892
255	0.2	ap8	209	ch7	3893
316	0.25	ap10	409	ch7	4467
131	0.222222222222222	ch1	212	ch8	313
131	0.25	ch2	102	ch8	415
131	0.25	ch4	55	ch8	1149
131	0.25	ch5	94	ch8	1243
131	0.125	ch8	64	ch8	1889
91	0.2	ap3	29	ch8	2585
584	0.0127388535031847	ch3	510	ch9	1125
648	0.205882352941176	ch3	523	ch9	1138
649	0.2	ch3	675	ch9	1292
649	0.222222222222222	ch4	55	ch9	1347
266	0.245283018867925	ap1	405	ch9	2793
543	0.2	ap2	3	ch9	2988
546	0.2	ap2	3	ch9	2989
543	0.1	ap2	18	ch9	3004
546	0.1	ap2	18	ch9	3005
543	0.1	ap2	29	ch9	3016
546	0.1	ap2	29	ch9	3017
543	0.1	ap2	45	ch9	3058
546	0.1	ap2	45	ch9	3059
543	0.1	ap2	48	ch9	3062
546	0.1	ap2	48	ch9	3063
543	0.1	ap2	71	ch9	3152
546	0.1	ap2	71	ch9	3153
543	0.2	ap2	76	ch9	3158
546	0.2	ap2	76	ch9	3159
546	0	ap2	82	ch9	3165
546	0	ap2	96	ch9	3201
543	0.1	ap2	100	ch9	3205
546	0.1	ap2	100	ch9	3206
543	0.1	ap2	111	ch9	3239
546	0.1	ap2	111	ch9	3240
542	0.126760563380282	ap2	116	ch9	3245
543	0	ap2	117	ch9	3246
555	0.236714975845411	ap2	128	ch9	3257
124	0.1	ap3	18	ch9	3291
134	0.1	ap3	21	ch9	3294
55	0.2	ap3	29	ch9	3302
260	0.2	ap3	29	ch9	3303
134	0.2	ap3	37	ch9	3311
302	0.2	ap3	37	ch9	3312
339	0.2	ap3	37	ch9	3313
451	0.2	ap3	37	ch9	3314
591	0.2	ap3	37	ch9	3315
55	0.1	ap3	55	ch9	3333
55	0.25	ap8	10	ch9	4031
124	0.25	ap8	32	ch9	4057
355	0.214285714285714	ap8	142	ch9	4169
55	0.25	ap8	155	ch9	4182
55	0.25	ap8	164	ch9	4191
55	0.25	ap8	171	ch9	4198
171	0.25	ap8	171	ch9	4199
55	0.25	ap8	173	ch9	4201
183	0.25	ap8	173	ch9	4202
55	0.25	ap8	178	ch9	4207
190	0.25	ap8	178	ch9	4208
124	0.230769230769231	ap8	189	ch9	4219
134	0.1	ap8	209	ch9	4239
355	0.142857142857143	ap8	212	ch9	4242
374	0.142857142857143	ap8	216	ch9	4246
355	0.214285714285714	ap8	235	ch9	4265
374	0.214285714285714	ap8	235	ch9	4266
543	0.2	ap8	279	ch9	4310
546	0.2	ap8	279	ch9	4311
543	0.2	ap8	283	ch9	4315
546	0.2	ap8	283	ch9	4316
543	0.1	ap8	288	ch9	4324
546	0.1	ap8	288	ch9	4325
15	0.214285714285714	ap10	284	ch9	4716
15	0.24390243902439	ap11	10	ch9	5309
15	0.238095238095238	ap11	44	ch9	5346
543	0.2	ap11	89	ch9	5391
546	0.2	ap11	89	ch9	5392
563	0.241935483870968	ap11	226	ch9	5533
266	0.226415094339623	ap11	228	ch9	5535
628	0.241935483870968	ap11	233	ch9	5540
543	0.2	ap11	355	ch9	5666
546	0.2	ap11	355	ch9	5667
15	0.24390243902439	ap11	461	ch9	5779
534	0.25	ap16	284	ch9	6145
354	0.225806451612903	addn	10	ch9	6652
354	0.225806451612903	addn	18	ch9	6660
334	0.106339468302658	ch3	431	ch10	860
248	0.2	ch7	14	ch10	1791
250	0.2	ch7	14	ch10	1792
248	0.166666666666667	ap1	60	ch10	1987
248	0.166666666666667	ap1	150	ch10	2081
248	0.166666666666667	ap1	198	ch10	2132
250	0.166666666666667	ap1	198	ch10	2133
248	0.25	ap1	520	ch10	2470
250	0.25	ap2	3	ch10	2481
248	0.25	ap2	117	ch10	2602
39	0.181818181818182	ap3	18	ch10	2642
248	0.2	ap5	81	ch10	2917
250	0.2	ap5	81	ch10	2918
39	0.230769230769231	ap8	32	ch10	3265
39	0.230769230769231	ap8	142	ch10	3376
248	0.166666666666667	ap16	284	ch10	5239
250	0.166666666666667	ap16	284	ch10	5240
250	0	ap17	4	ch10	5409
248	0.2	ap17	28	ch10	5435
250	0.2	ap17	28	ch10	5436
250	0	ap17	74	ch10	5489
138	0.25	ch3	180	ch11	604
138	0.25	ch3	192	ch11	616
138	0.25	ch3	229	ch11	653
138	0.25	ch3	262	ch11	689
138	0.25	ch3	281	ch11	708
138	0.25	ch3	338	ch11	765
138	0.25	ch3	345	ch11	772
138	0.25	ch3	378	ch11	806
138	0.25	ch3	393	ch11	821
138	0.25	ch3	403	ch11	831
138	0.25	ch3	483	ch11	911
138	0.25	ch5	56	ch11	1215
138	0.25	ch6	76	ch11	1329
138	0.25	ch6	90	ch11	1343
138	0.25	ch6	127	ch11	1380
138	0.25	ch6	221	ch11	1476
138	0.25	ch6	238	ch11	1494
138	0.25	ch6	249	ch11	1505
138	0.25	ch6	319	ch11	1575
138	0.25	ch6	379	ch11	1635
138	0	ch7	14	ch11	1773
138	0.25	ch7	25	ch11	1784
93	0.175654853620955	ch7	45	ch11	1804
138	0.2	ap1	198	ch11	2102
44	0.214285714285714	ap1	289	ch11	2219
25	0.181818181818182	ap3	18	ch11	2820
30	0.181818181818182	ap3	21	ch11	2823
178	0.181818181818182	ap3	37	ch11	2845
138	0.25	ap4	45	ch11	2940
138	0.25	ap4	47	ch11	2942
138	0.25	ap4	49	ch11	2944
138	0.25	ap4	55	ch11	2950
138	0.25	ap4	58	ch11	2953
138	0.25	ap4	66	ch11	2961
138	0.25	ap4	69	ch11	2964
138	0.25	ap4	76	ch11	2971
138	0.25	ap4	116	ch11	3011
138	0	ap5	81	ch11	3104
25	0.230769230769231	ap8	32	ch11	3463
230	0.222222222222222	ap8	49	ch11	3480
25	0.153846153846154	ap8	142	ch11	3574
44	0.153846153846154	ap8	155	ch11	3587
52	0.153846153846154	ap8	164	ch11	3596
25	0.230769230769231	ap8	171	ch11	3606
30	0.230769230769231	ap8	171	ch11	3607
44	0.230769230769231	ap8	171	ch11	3608
52	0.230769230769231	ap8	171	ch11	3609
25	0.230769230769231	ap8	173	ch11	3611
30	0.230769230769231	ap8	173	ch11	3612
44	0.230769230769231	ap8	173	ch11	3613
52	0.230769230769231	ap8	173	ch11	3614
25	0.230769230769231	ap8	178	ch11	3619
30	0.230769230769231	ap8	178	ch11	3620
44	0.230769230769231	ap8	178	ch11	3621
52	0.230769230769231	ap8	178	ch11	3622
30	0.181818181818182	ap8	209	ch11	3656
132	0.153846153846154	ap8	212	ch11	3659
178	0.153846153846154	ap8	216	ch11	3663
132	0.230769230769231	ap8	235	ch11	3682
178	0.230769230769231	ap8	235	ch11	3683
304	0.230769230769231	ap8	235	ch11	3684
138	0.25	ap9	19	ch11	3785
138	0.25	ap9	21	ch11	3787
138	0.25	ap9	34	ch11	3800
138	0.25	ap9	37	ch11	3803
29	0.176470588235294	ap10	563	ch11	4419
92	0.235294117647059	ap10	640	ch11	4506
29	0.176470588235294	ap10	747	ch11	4622
138	0.2	ap16	284	ch11	5525
138	0.2	ap17	4	ch11	5699
138	0.25	ap17	21	ch11	5716
138	0.25	ap17	23	ch11	5718
138	0	ap17	28	ch11	5723
138	0.25	ap17	39	ch11	5734
138	0.25	ap17	43	ch11	5738
138	0.25	ap17	55	ch11	5750
138	0.25	ap17	59	ch11	5754
138	0.2	ap17	74	ch11	5769
138	0.25	ap17	85	ch11	5780
138	0.25	ap17	90	ch11	5785
138	0.25	ap17	97	ch11	5792
138	0.25	ap17	119	ch11	5814
61	0.205128205128205	ch1	98	ch12	199
136	0.222222222222222	ch2	102	ch12	416
61	0.140221402214022	ch3	326	ch12	757
56	0.126829268292683	ch7	39	ch12	1849
211	0.181818181818182	ch1	212	ch13	314
211	0.181818181818182	ch3	675	ch13	1126
141	0.0799112097669256	ch5	20	ch13	1201
179	0.126486486486486	ch8	26	ch13	1918
22	0.181818181818182	ap3	18	ch13	2815
82	0.181818181818182	ap3	18	ch13	2816
163	0.181818181818182	ap3	18	ch13	2817
22	0.181818181818182	ap3	21	ch13	2820
177	0.181818181818182	ap3	21	ch13	2821
22	0.181818181818182	ap3	29	ch13	2829
82	0.181818181818182	ap3	37	ch13	2837
177	0.181818181818182	ap3	37	ch13	2838
22	0.181818181818182	ap3	55	ch13	2856
22	0.230769230769231	ap8	10	ch13	3441
82	0.230769230769231	ap8	212	ch13	3650
413	0.238356164383562	ch1	98	ch14	201
36	0.245487364620939	ch2	48	ch14	363
232	0.208920187793427	ch2	95	ch14	410
216	0.24031007751938	ch2	99	ch14	414
273	0.25	ch3	180	ch14	599
273	0.25	ch3	192	ch14	611
273	0.25	ch3	229	ch14	649
273	0.25	ch3	262	ch14	682
273	0.25	ch3	281	ch14	701
413	0.243827160493827	ch3	326	ch14	746
273	0.25	ch3	338	ch14	758
273	0.25	ch3	345	ch14	765
273	0.25	ch3	378	ch14	799
273	0.25	ch3	393	ch14	814
273	0.25	ch3	403	ch14	824
273	0.25	ch3	483	ch14	905
273	0.25	ch5	56	ch14	1210
40	0.123853211009174	ch6	25	ch14	1273
41	0.170854271356784	ch6	26	ch14	1274
42	0.0652173913043478	ch6	27	ch14	1275
49	0.142487046632124	ch6	28	ch14	1276
43	0.25	ch6	29	ch14	1277
69	0.196172248803828	ch6	32	ch14	1280
67	0.247311827956989	ch6	33	ch14	1281
68	0.107913669064748	ch6	34	ch14	1282
70	0.223048327137546	ch6	35	ch14	1283
75	0.190751445086705	ch6	36	ch14	1284
71	0.047752808988764	ch6	37	ch14	1285
35	0.248091603053435	ch6	60	ch14	1309
273	0.25	ch6	76	ch14	1325
273	0.25	ch6	90	ch14	1339
273	0.25	ch6	127	ch14	1376
273	0.25	ch6	221	ch14	1471
36	0.245487364620939	ch6	233	ch14	1484
273	0.25	ch6	238	ch14	1489
463	0.242744063324538	ch6	243	ch14	1494
273	0.25	ch6	249	ch14	1500
465	0.118773946360153	ch6	281	ch14	1534
466	0.0989159891598916	ch6	282	ch14	1535
468	0.00784313725490196	ch6	285	ch14	1538
216	0.221311475409836	ch6	295	ch14	1548
217	0.23972602739726	ch6	297	ch14	1550
225	0.140127388535032	ch6	302	ch14	1555
232	0.169411764705882	ch6	305	ch14	1558
273	0.25	ch6	319	ch14	1572
180	0.229885057471264	ch6	326	ch14	1579
273	0.25	ch6	379	ch14	1632
281	0.2	ch7	14	ch14	1773
285	0.2	ch7	14	ch14	1774
273	0.25	ch7	25	ch14	1786
281	0.166666666666667	ap1	60	ch14	1964
281	0.166666666666667	ap1	150	ch14	2072
281	0.166666666666667	ap1	198	ch14	2128
285	0.166666666666667	ap1	198	ch14	2129
281	0.25	ap1	520	ch14	2618
285	0.25	ap2	3	ch14	2640
281	0.25	ap2	117	ch14	2822
373	0.25	ap3	18	ch14	2863
427	0.25	ap3	18	ch14	2864
476	0.25	ap3	21	ch14	2867
108	0.181818181818182	ap3	37	ch14	2885
273	0.25	ap4	45	ch14	2981
273	0.25	ap4	47	ch14	2983
273	0.25	ap4	49	ch14	2985
273	0.25	ap4	55	ch14	2991
273	0.25	ap4	58	ch14	2994
273	0.25	ap4	66	ch14	3002
273	0.25	ap4	69	ch14	3005
273	0.25	ap4	76	ch14	3012
273	0.25	ap4	116	ch14	3052
281	0.2	ap5	81	ch14	3137
285	0.2	ap5	81	ch14	3138
531	0.235294117647059	ap8	49	ch14	3531
476	0.25	ap8	209	ch14	3714
102	0.230769230769231	ap8	212	ch14	3717
108	0.230769230769231	ap8	216	ch14	3721
531	0.214285714285714	ap8	235	ch14	3740
273	0.25	ap9	19	ch14	3824
273	0.25	ap9	21	ch14	3826
273	0	ap9	34	ch14	3839
273	0.25	ap9	37	ch14	3842
69	0.229268292682927	ap9	46	ch14	3851
75	0.180592991913747	ap9	49	ch14	3854
334	0.221238938053097	ap16	60	ch14	5350
334	0.215827338129496	ap16	178	ch14	5483
337	0.142857142857143	ap16	284	ch14	5595
285	0	ap17	4	ch14	5778
273	0.25	ap17	21	ch14	5796
273	0.25	ap17	23	ch14	5798
281	0.2	ap17	28	ch14	5803
285	0.2	ap17	28	ch14	5804
69	0.248484848484848	ap17	31	ch14	5807
273	0.25	ap17	39	ch14	5816
273	0	ap17	43	ch14	5820
273	0.25	ap17	55	ch14	5833
273	0.25	ap17	59	ch14	5837
285	0	ap17	74	ch14	5852
273	0.25	ap17	85	ch14	5863
273	0.25	ap17	90	ch14	5868
273	0.25	ap17	97	ch14	5875
273	0.25	ap17	119	ch14	5897
170	0.181818181818182	ch1	212	ch15	315
163	0.109375	ch5	84	ch15	1296
165	0.106164383561644	ch5	85	ch15	1297
166	0.0449591280653951	ch5	86	ch15	1298
16	0.181818181818182	ap3	18	ch15	2994
37	0.181818181818182	ap3	21	ch15	2997
11	0.0909090909090909	ap3	55	ch15	3033
11	0.153846153846154	ap8	10	ch15	3642
101	0.235294117647059	ap8	12	ch15	3644
110	0.235294117647059	ap8	12	ch15	3645
101	0.176470588235294	ap8	14	ch15	3647
110	0.176470588235294	ap8	16	ch15	3649
101	0.235294117647059	ap8	18	ch15	3651
110	0.235294117647059	ap8	18	ch15	3652
101	0.235294117647059	ap8	20	ch15	3654
110	0.235294117647059	ap8	20	ch15	3655
101	0.235294117647059	ap8	22	ch15	3657
110	0.235294117647059	ap8	22	ch15	3658
101	0.235294117647059	ap8	24	ch15	3660
110	0.235294117647059	ap8	24	ch15	3661
101	0.235294117647059	ap8	26	ch15	3663
110	0.235294117647059	ap8	26	ch15	3664
101	0.235294117647059	ap8	28	ch15	3667
110	0.235294117647059	ap8	28	ch15	3668
16	0.153846153846154	ap8	32	ch15	3673
110	0.222222222222222	ap8	49	ch15	3691
155	0.222222222222222	ap8	49	ch15	3692
101	0.133333333333333	ap8	142	ch15	3787
110	0.222222222222222	ap8	148	ch15	3793
101	0.2	ap8	155	ch15	3800
110	0.2	ap8	155	ch15	3801
101	0.2	ap8	164	ch15	3810
110	0.2	ap8	164	ch15	3811
101	0.2	ap8	171	ch15	3819
110	0.2	ap8	171	ch15	3820
101	0.2	ap8	173	ch15	3822
110	0.2	ap8	173	ch15	3823
101	0.2	ap8	178	ch15	3828
110	0.2	ap8	178	ch15	3829
101	0.25	ap8	186	ch15	3837
110	0.25	ap8	186	ch15	3838
101	0.1875	ap8	189	ch15	3841
37	0.0909090909090909	ap8	209	ch15	3861
155	0.133333333333333	ap8	212	ch15	3864
110	0.2	ap8	216	ch15	3868
155	0.2	ap8	216	ch15	3869
155	0.2	ap8	235	ch15	3888
257	0.0909090909090909	ch1	212	ch16	315
148	0.0175438596491228	ch3	661	ch16	1093
126	0.0981996726677578	ch6	391	ch16	1658
128	0.0284974093264249	ch6	392	ch16	1659
129	0.24896265560166	ch6	393	ch16	1660
239	0.181208053691275	ch6	429	ch16	1696
248	0.124463519313305	ch6	448	ch16	1715
253	0.205078125	ch6	450	ch16	1717
31	0.208651399491094	ch7	12	ch16	1782
77	0.19672131147541	ch7	50	ch16	1823
15	0.181818181818182	ap3	18	ch16	2703
30	0.181818181818182	ap3	21	ch16	2706
8	0.181818181818182	ap3	55	ch16	2743
147	0.24744608399546	ap5	13	ch16	2912
148	0.0403587443946188	ap5	14	ch16	2913
147	0.191780821917808	ap5	83	ch16	2993
148	0.0403587443946188	ap5	84	ch16	2994
8	0.230769230769231	ap8	10	ch16	3307
37	0.235294117647059	ap8	14	ch16	3314
50	0.235294117647059	ap8	16	ch16	3316
65	0.235294117647059	ap8	18	ch16	3318
82	0.235294117647059	ap8	22	ch16	3325
15	0.230769230769231	ap8	32	ch16	3344
37	0.222222222222222	ap8	49	ch16	3361
50	0.222222222222222	ap8	49	ch16	3362
65	0.222222222222222	ap8	49	ch16	3363
82	0.222222222222222	ap8	49	ch16	3364
37	0.2	ap8	142	ch16	3457
65	0.2	ap8	155	ch16	3470
30	0.181818181818182	ap8	209	ch16	3536
37	0.133333333333333	ap8	212	ch16	3539
50	0.133333333333333	ap8	216	ch16	3543
37	0.2	ap8	235	ch16	3562
50	0.2	ap8	235	ch16	3563
65	0.2	ap8	235	ch16	3564
82	0.2	ap8	235	ch16	3565
117	0.227272727272727	ap10	633	ch16	4335
148	0.0263157894736842	ap17	20	ch16	5527
20	0	ap17	35	ch16	5546
139	0.248603351955307	ap17	64	ch16	5579
140	0.0752032520325203	ap17	65	ch16	5580
144	0.217073170731707	ap17	92	ch16	5613
36	0.113207547169811	ch1	57	ch17	158
259	0.181818181818182	ch1	212	ch17	314
232	0.25	ch3	180	ch17	597
234	0.25	ch3	180	ch17	598
240	0.25	ch3	180	ch17	599
232	0.25	ch3	192	ch17	611
234	0.25	ch3	192	ch17	612
240	0.25	ch3	192	ch17	613
232	0.25	ch3	229	ch17	650
234	0.25	ch3	229	ch17	651
240	0.25	ch3	229	ch17	652
232	0.25	ch3	262	ch17	685
234	0.25	ch3	262	ch17	686
240	0.25	ch3	262	ch17	687
232	0.25	ch3	281	ch17	706
234	0.25	ch3	281	ch17	707
240	0.25	ch3	281	ch17	708
232	0.25	ch3	338	ch17	765
234	0.25	ch3	338	ch17	766
240	0.25	ch3	338	ch17	767
232	0.25	ch3	345	ch17	774
234	0.25	ch3	345	ch17	775
240	0.25	ch3	345	ch17	776
232	0.25	ch3	378	ch17	809
234	0.25	ch3	378	ch17	810
240	0.25	ch3	378	ch17	811
232	0.25	ch3	393	ch17	826
234	0.25	ch3	393	ch17	827
240	0.25	ch3	393	ch17	828
232	0.25	ch3	403	ch17	838
234	0.25	ch3	403	ch17	839
240	0.25	ch3	403	ch17	840
232	0.25	ch3	483	ch17	921
234	0.25	ch3	483	ch17	922
240	0.25	ch3	483	ch17	923
222	0.248756218905473	ch3	498	ch17	938
160	0.00200803212851406	ch3	539	ch17	979
232	0.25	ch5	56	ch17	1227
234	0.25	ch5	56	ch17	1228
240	0.25	ch5	56	ch17	1229
232	0.25	ch6	76	ch17	1343
234	0.25	ch6	76	ch17	1344
240	0.25	ch6	76	ch17	1345
232	0.25	ch6	90	ch17	1360
234	0.25	ch6	90	ch17	1361
240	0.25	ch6	90	ch17	1362
232	0.25	ch6	127	ch17	1403
234	0.25	ch6	127	ch17	1404
240	0.25	ch6	127	ch17	1405
232	0.25	ch6	221	ch17	1499
234	0.25	ch6	221	ch17	1500
240	0.25	ch6	221	ch17	1501
232	0.25	ch6	238	ch17	1518
234	0.25	ch6	238	ch17	1519
240	0.25	ch6	238	ch17	1520
232	0.25	ch6	249	ch17	1531
234	0.25	ch6	249	ch17	1532
240	0.25	ch6	249	ch17	1533
240	0	ch6	319	ch17	1604
240	0	ch6	379	ch17	1665
241	0.214574898785425	ch6	438	ch17	1724
241	0.209486166007905	ch6	446	ch17	1732
242	0.236842105263158	ch6	448	ch17	1734
232	0.25	ch7	14	ch17	1804
234	0.25	ch7	14	ch17	1805
240	0.25	ch7	14	ch17	1806
232	0.25	ch7	25	ch17	1817
234	0.25	ch7	25	ch17	1818
240	0.25	ch7	25	ch17	1819
232	0.2	ap1	198	ch17	2164
232	0.25	ap4	45	ch17	2948
234	0.25	ap4	45	ch17	2949
240	0.25	ap4	45	ch17	2950
232	0.25	ap4	47	ch17	2952
234	0.25	ap4	47	ch17	2953
240	0.25	ap4	47	ch17	2954
232	0.25	ap4	49	ch17	2956
234	0.25	ap4	49	ch17	2957
240	0.25	ap4	49	ch17	2958
232	0.25	ap4	55	ch17	2964
234	0.25	ap4	55	ch17	2965
240	0.25	ap4	55	ch17	2966
232	0.25	ap4	58	ch17	2969
234	0.25	ap4	58	ch17	2970
240	0.25	ap4	58	ch17	2971
232	0.25	ap4	66	ch17	2979
234	0.25	ap4	66	ch17	2980
240	0.25	ap4	66	ch17	2981
232	0.25	ap4	69	ch17	2984
234	0.25	ap4	69	ch17	2985
240	0.25	ap4	69	ch17	2986
232	0.25	ap4	76	ch17	2993
234	0.25	ap4	76	ch17	2994
240	0.25	ap4	76	ch17	2995
232	0.25	ap4	116	ch17	3035
234	0.25	ap4	116	ch17	3036
240	0.25	ap4	116	ch17	3037
232	0.25	ap5	81	ch17	3129
234	0.25	ap5	81	ch17	3130
240	0.25	ap5	81	ch17	3131
92	0.235294117647059	ap8	12	ch17	3449
98	0.235294117647059	ap8	14	ch17	3451
98	0.2	ap8	142	ch17	3592
92	0.25	ap8	186	ch17	3644
98	0.25	ap8	189	ch17	3647
232	0.25	ap9	19	ch17	3778
234	0.25	ap9	19	ch17	3779
240	0.25	ap9	19	ch17	3780
232	0.25	ap9	21	ch17	3782
234	0.25	ap9	21	ch17	3783
240	0.25	ap9	21	ch17	3784
232	0.25	ap9	34	ch17	3797
234	0.25	ap9	34	ch17	3798
240	0.25	ap9	34	ch17	3799
232	0.25	ap9	37	ch17	3802
234	0.25	ap9	37	ch17	3803
240	0.25	ap9	37	ch17	3804
232	0.2	ap16	89	ch17	5309
234	0.2	ap16	284	ch17	5527
232	0.25	ap17	21	ch17	5719
234	0.25	ap17	21	ch17	5720
240	0.25	ap17	21	ch17	5721
232	0.25	ap17	23	ch17	5723
234	0.25	ap17	23	ch17	5724
240	0.25	ap17	23	ch17	5725
232	0.25	ap17	28	ch17	5730
234	0.25	ap17	28	ch17	5731
240	0.25	ap17	28	ch17	5732
232	0	ap17	39	ch17	5745
232	0.25	ap17	43	ch17	5749
234	0.25	ap17	43	ch17	5750
240	0.25	ap17	43	ch17	5751
232	0.25	ap17	55	ch17	5763
234	0.25	ap17	55	ch17	5764
240	0.25	ap17	55	ch17	5765
232	0	ap17	59	ch17	5769
232	0.25	ap17	85	ch17	5797
234	0.25	ap17	85	ch17	5798
240	0.25	ap17	85	ch17	5799
232	0.25	ap17	90	ch17	5804
234	0.25	ap17	90	ch17	5805
240	0.25	ap17	90	ch17	5806
232	0.25	ap17	97	ch17	5813
234	0.25	ap17	97	ch17	5814
240	0.25	ap17	97	ch17	5815
105	0.246305418719212	ap17	103	ch17	5821
240	0	ap17	119	ch17	5837
10	0.177710843373494	ch1	9	appA	110
111	0.236686390532544	ch1	143	appA	245
143	0.2	ch1	212	appA	315
143	0.2	ch3	675	appA	1099
10	0.219435736677116	ch6	279	appA	1530
143	0.2	ch6	503	appA	1755
3	0.113223854796888	ch3	148	appC	564
